City_ID,City,Country,Lat,Lng,Max Temp,Humidity,Cloudiness,Wind Speed,Current Description
0,San Patricio,US,28.017,-97.5169,80.85,90,56,13.65,broken clouds
1,Broome,US,42.2506,-75.833,51.17,82,94,1.01,overcast clouds
2,Hella,NO,67.2,14.4333,43.88,81,40,12.66,scattered clouds
3,Ponta Do Sol,PT,32.6667,-17.1,65.03,77,20,3.2,few clouds
4,Talnakh,RU,69.4865,88.3972,27.86,71,100,1.95,overcast clouds
5,Hithadhoo,MV,-0.6,73.0833,81.84,79,100,18.99,overcast clouds
6,Beringovskiy,RU,63.05,179.3167,32.95,96,100,6.17,overcast clouds
7,Buloh Kasap,MY,2.5536,102.764,84.11,68,72,2.89,broken clouds
8,Hirara,JP,24.8,125.2833,88.07,79,75,23.02,broken clouds
9,Bubaque,GW,11.2833,-15.8333,77.56,79,14,8.57,few clouds
10,Tuktoyaktuk,CA,69.4541,-133.0374,28.4,86,90,12.66,overcast clouds
11,Butaritari,KI,3.0707,172.7902,83.66,78,65,15.23,light rain
12,Bluff,NZ,-46.6,168.3333,49.8,81,100,6.67,light rain
13,Kapaa,US,22.0752,-159.319,80.11,69,49,3.0,scattered clouds
14,Cidreira,BR,-30.1811,-50.2056,61.21,79,1,11.48,clear sky
15,Provideniya,RU,64.3833,-173.3,46.51,61,0,22.37,clear sky
16,Qaanaaq,GL,77.484,-69.3632,39.4,75,85,9.24,overcast clouds
17,Rikitea,PF,-23.1203,-134.9692,71.11,58,28,4.29,scattered clouds
18,Hobart,AU,-42.8794,147.3294,50.25,60,75,4.0,broken clouds
19,Baculin,PH,7.4525,126.5842,85.48,73,27,3.85,scattered clouds
20,Touros,BR,-5.1989,-35.4608,74.3,88,16,11.7,few clouds
21,Luderitz,NA,-26.6481,15.1594,57.0,73,3,9.71,clear sky
22,Khatanga,RU,71.9667,102.5,32.25,90,93,12.21,overcast clouds
23,Tuatapere,NZ,-46.1333,167.6833,49.82,85,100,3.96,overcast clouds
24,Cuaspud,CO,0.8628,-77.7263,45.63,94,69,3.11,broken clouds
25,Punta Arenas,CL,-53.15,-70.9167,33.82,74,0,15.93,light snow
26,Thompson,CA,55.7435,-97.8558,50.16,27,75,10.36,broken clouds
27,Castro,BR,-24.7911,-50.0119,58.28,87,59,2.84,broken clouds
28,Isangel,VU,-19.55,169.2667,75.81,51,100,3.06,overcast clouds
29,Vaini,TO,-21.2,-175.2,77.16,73,20,8.34,few clouds
30,Jamestown,US,42.097,-79.2353,55.04,70,1,1.01,clear sky
31,Kaitangata,NZ,-46.2817,169.8464,45.66,93,100,3.44,overcast clouds
32,Albany,US,42.6001,-73.9662,55.98,64,99,5.1,overcast clouds
33,Constitucion,CL,-35.3333,-72.4167,56.73,97,100,5.97,overcast clouds
34,Hilo,US,19.7297,-155.09,80.33,73,40,11.5,light rain
35,Galesong,ID,-5.3166,119.3661,89.62,67,70,3.22,broken clouds
36,Deputatskiy,RU,69.3,139.9,61.02,32,1,10.16,clear sky
37,Bredasdorp,ZA,-34.5322,20.0403,60.12,63,94,9.06,overcast clouds
38,Baykit,RU,61.67,96.37,44.15,79,100,11.07,light rain
39,Krasnoselkup,RU,65.7,82.4667,33.37,57,100,23.96,overcast clouds
40,Bac Giang,VN,21.2667,106.2,86.07,60,98,7.27,overcast clouds
41,Vila Franca Do Campo,PT,37.7167,-25.4333,57.61,75,86,5.35,overcast clouds
42,Woodstock,CA,43.1334,-80.7497,54.63,63,100,3.0,overcast clouds
43,Caohai,CN,26.8661,104.2841,57.61,90,100,4.05,overcast clouds
44,Micheweni,TZ,-4.9667,39.8333,76.69,78,97,12.59,overcast clouds
45,Cabedelo,BR,-6.9811,-34.8339,74.07,83,66,10.36,broken clouds
46,Hirschaid,DE,49.8194,10.9908,50.59,99,42,1.41,scattered clouds
47,Samarai,PG,-10.6167,150.6667,79.48,64,99,15.52,overcast clouds
48,Port Alfred,ZA,-33.5906,26.891,59.16,75,14,8.28,few clouds
49,Avarua,CK,-21.2078,-159.775,82.45,83,75,13.8,light rain
50,Coquimbo,CL,-29.9533,-71.3436,55.13,87,90,3.04,overcast clouds
51,Esil,KZ,51.9556,66.4042,61.2,51,0,9.46,clear sky
52,Longyearbyen,SJ,78.2186,15.6401,30.04,64,20,11.5,few clouds
53,Muros,ES,42.7762,-9.0603,60.24,77,70,5.06,broken clouds
54,Ushuaia,AR,-54.8,-68.3,28.06,100,75,18.41,snow
55,Kieta,PG,-6.2167,155.6333,76.71,97,100,3.71,heavy intensity rain
56,Kenora,CA,49.8167,-94.4337,49.98,31,20,5.75,few clouds
57,Kizukuri,JP,40.8061,140.3861,68.85,68,28,10.83,scattered clouds
58,Buraydah,SA,26.326,43.975,91.85,17,87,7.61,overcast clouds
59,Busselton,AU,-33.65,115.3333,72.05,58,1,14.81,clear sky
60,Atuona,PF,-9.8,-139.0333,78.85,73,71,13.15,broken clouds
61,Goderich,CA,43.7501,-81.7165,48.9,76,100,5.75,overcast clouds
62,Garmsar,IR,35.2182,52.3409,78.91,32,0,6.85,clear sky
63,Bogotol,RU,56.2078,89.5342,39.36,80,100,19.48,overcast clouds
64,Puerto Ayora,EC,-0.7393,-90.3518,75.54,93,87,7.0,overcast clouds
65,Hermanus,ZA,-34.4187,19.2345,55.9,81,75,13.58,broken clouds
66,Mataura,NZ,-46.1927,168.8643,49.48,94,100,4.16,moderate rain
67,Chokurdakh,RU,70.6333,147.9167,46.13,54,100,11.48,overcast clouds
68,Tasiilaq,GL,65.6145,-37.6368,32.56,89,13,5.28,few clouds
69,Khandyga,RU,62.6667,135.6,67.66,24,67,4.56,broken clouds
70,Kisangani,CD,0.5167,25.2,68.63,99,60,2.3,broken clouds
71,Dikson,RU,73.5069,80.5464,26.42,91,73,7.67,broken clouds
72,Padang,ID,-0.9492,100.3543,86.05,71,90,3.18,overcast clouds
73,Pevek,RU,69.7008,170.3133,37.09,76,54,3.58,broken clouds
74,Forecariah,GN,9.4306,-13.0881,78.28,87,43,2.59,scattered clouds
75,Hun,LY,29.1268,15.9477,78.73,21,9,9.31,clear sky
76,Fortuna,US,40.5982,-124.1573,62.42,65,90,1.99,overcast clouds
77,San Quintin,MX,30.4833,-115.95,62.44,81,0,11.95,clear sky
78,Toora-Khem,RU,52.4675,96.11,65.08,67,97,2.57,overcast clouds
79,Lompoc,US,34.6391,-120.4579,66.13,91,90,14.97,overcast clouds
80,Barrow,US,71.2906,-156.7887,31.23,88,95,9.13,overcast clouds
81,Bargarh,IN,21.3333,83.6167,87.15,50,100,4.54,overcast clouds
82,Green Valley,US,31.8543,-110.9937,88.75,10,0,7.9,clear sky
83,Victoria,HK,22.2855,114.1577,89.65,79,100,3.0,overcast clouds
84,Acapulco,MX,16.8634,-99.8901,82.8,64,100,1.9,overcast clouds
85,Pisco,PE,-13.7,-76.2167,66.25,82,90,5.75,overcast clouds
86,Auki,SB,-8.7676,160.7034,77.56,85,100,2.62,light rain
87,Katsuura,JP,35.1333,140.3,75.31,70,100,14.81,overcast clouds
88,San-Pedro,CI,4.7485,-6.6363,77.77,88,45,3.74,scattered clouds
89,Kodiak,US,57.79,-152.4072,50.85,78,100,5.26,overcast clouds
90,Kahului,US,20.8947,-156.47,84.22,65,40,18.41,scattered clouds
91,Prattville,US,32.464,-86.4597,76.32,87,1,0.0,clear sky
92,Clyde River,CA,70.4692,-68.5914,28.63,80,75,3.44,broken clouds
93,Lebowakgomo,ZA,-24.2,29.5,50.45,54,84,2.57,broken clouds
94,New Norfolk,AU,-42.7826,147.0587,49.91,54,76,1.99,broken clouds
95,Princeton,US,25.5384,-80.4089,78.03,77,1,5.75,clear sky
96,Geraldton,AU,-28.7667,114.6,67.12,72,100,9.71,light rain
97,Bealanana,MG,-14.55,48.7333,58.3,93,98,3.15,overcast clouds
98,Kruisfontein,ZA,-34.0033,24.7314,55.83,62,8,7.56,clear sky
99,Boyolangu,ID,-8.1181,111.8935,85.26,68,29,5.19,scattered clouds
100,Paamiut,GL,61.994,-49.6678,39.47,75,88,9.33,overcast clouds
101,Ndele,CF,8.4109,20.6473,69.22,91,51,3.44,broken clouds
102,Bilyayivka,UA,46.4832,30.2168,59.49,68,23,3.85,few clouds
103,Rassvet,RU,46.8333,40.75,65.5,78,97,4.47,light rain
104,Arraial Do Cabo,BR,-22.9661,-42.0278,71.94,87,1,5.48,clear sky
105,Mitsamiouli,KM,-11.3847,43.2844,75.45,59,2,3.91,clear sky
106,Ponta Delgada,PT,37.7333,-25.6667,57.92,82,20,8.05,few clouds
107,Laja,CL,-37.2667,-72.7,54.39,96,4,4.79,clear sky
108,Aleksandrov Gay,RU,50.147,48.5704,65.88,56,86,14.05,overcast clouds
109,Ossora,RU,59.2353,163.0719,37.36,94,100,2.04,overcast clouds
110,Yellowknife,CA,62.456,-114.3525,55.92,41,75,10.36,broken clouds
111,Store Heddinge,DK,55.3097,12.3889,49.68,83,74,8.34,broken clouds
112,East London,ZA,-33.0153,27.9116,60.96,73,58,6.15,broken clouds
113,Harboore,DK,56.6175,8.1807,50.09,96,78,12.26,broken clouds
114,Rawson,AR,-43.3002,-65.1023,54.12,48,100,11.03,overcast clouds
115,Yanahuanca,PE,-10.5167,-76.4986,35.08,90,34,0.72,scattered clouds
116,Port Elizabeth,ZA,-33.918,25.5701,57.49,62,0,4.61,clear sky
117,Norman Wells,CA,65.282,-126.8329,46.44,61,90,2.3,overcast clouds
118,Copperas Cove,US,31.1241,-97.9031,81.23,75,1,4.61,clear sky
119,Margate,GB,51.3813,1.3862,51.04,80,99,1.99,overcast clouds
120,Narsaq,GL,60.9167,-46.05,43.14,61,76,5.66,broken clouds
121,Souillac,MU,-20.5167,57.5167,73.36,94,75,6.35,broken clouds
122,Mar Del Plata,AR,-38.0023,-57.5575,64.0,41,0,11.99,light rain
123,Kolondieba,ML,11.0882,-6.8926,82.31,56,63,4.81,broken clouds
124,Camocim,BR,-2.9022,-40.8411,75.94,87,9,9.08,clear sky
125,Torbay,CA,47.6666,-52.7314,52.88,97,90,24.16,overcast clouds
126,Jiuquan,CN,39.7432,98.5174,81.28,11,73,3.15,broken clouds
127,Tiksi,RU,71.6872,128.8694,36.61,87,100,5.73,overcast clouds
128,Tonstad,NO,58.6626,6.7169,48.24,71,3,4.7,clear sky
129,Cherskiy,RU,68.75,161.3,59.67,30,100,20.62,overcast clouds
130,Praya,CV,14.9215,-23.5087,70.34,78,75,12.66,broken clouds
131,Huarmey,PE,-10.0681,-78.1522,66.74,92,55,6.38,broken clouds
132,Carutapera,BR,-1.195,-46.02,75.47,92,68,3.78,broken clouds
133,Tazmalt,DZ,36.3868,4.3989,66.33,73,49,3.96,scattered clouds
134,Mykolayivka,UA,47.5414,30.7561,60.6,68,23,3.44,few clouds
135,Leningradskiy,RU,69.3833,178.4167,33.62,91,85,12.39,overcast clouds
136,Bradut,RO,46.1333,25.6167,56.34,98,100,1.86,light rain
137,Ganzhou,CN,28.8184,115.4327,72.75,85,100,3.74,overcast clouds
138,Jutai,BR,-5.1833,-68.9,77.23,82,100,2.57,overcast clouds
139,Beloha,MG,-25.1667,45.05,61.27,96,5,4.74,clear sky
140,Ilulissat,GL,69.2167,-51.1,42.21,57,100,14.29,overcast clouds
141,Alofi,NU,-19.0595,-169.9187,82.29,65,40,6.91,scattered clouds
142,Laiyang,CN,36.9758,120.7136,72.14,99,11,5.99,few clouds
143,Flin Flon,CA,54.7682,-101.865,50.38,51,57,12.21,broken clouds
144,Vostok,RU,46.4856,135.8833,59.45,44,98,2.53,overcast clouds
145,Malibu,US,34.005,-118.8101,71.26,88,8,3.0,clear sky
146,Georgetown,MY,5.4112,100.3354,85.95,79,20,4.61,few clouds
147,Dunedin,NZ,-45.8742,170.5036,47.8,83,100,7.0,moderate rain
148,Novomikhaylovskiy,RU,44.2581,38.8578,61.0,83,14,5.19,few clouds
149,Basco,PH,20.4487,121.9702,85.06,77,78,13.4,broken clouds
150,Balikpapan,ID,-1.2675,116.8289,85.19,84,40,4.61,scattered clouds
151,Chapais,CA,49.7834,-74.8492,29.98,52,5,11.25,clear sky
152,Bhanpura,IN,24.513,75.7469,90.72,50,2,15.93,clear sky
153,Claudio,BR,-20.4433,-44.7658,62.76,77,27,4.12,scattered clouds
154,Te Anau,NZ,-45.4167,167.7167,41.97,96,100,2.98,overcast clouds
155,Gornozavodsk,RU,58.3758,58.3211,46.71,68,99,2.42,overcast clouds
156,Balabac,PH,7.9868,117.0645,86.61,65,42,6.08,scattered clouds
157,Solesti,RO,46.7667,27.7833,60.66,84,83,3.8,broken clouds
158,Codrington,AU,-38.2667,141.9667,55.67,54,78,10.25,broken clouds
159,Sechura,PE,-5.5569,-80.8222,70.18,79,14,13.0,few clouds
160,Jhang,PK,33.6748,72.6963,91.72,17,0,6.26,clear sky
161,Bambous Virieux,MU,-20.3428,57.7575,73.22,94,75,8.61,broken clouds
162,Lorengau,PG,-2.0226,147.2712,82.22,82,80,7.76,broken clouds
163,Phonhong,LA,18.5007,102.4166,84.02,69,70,1.88,broken clouds
164,Mecca,SA,21.4267,39.8261,82.89,49,6,5.48,clear sky
165,Meshchovsk,RU,54.3244,35.2808,58.98,89,100,3.74,light rain
166,Waingapu,ID,-9.6567,120.2641,84.45,60,99,19.55,overcast clouds
167,Saint-Philippe,RE,-21.3585,55.7679,71.15,78,24,3.27,few clouds
168,Dwarka,IN,22.2394,68.9678,84.18,74,62,16.73,broken clouds
169,Klyuchi,RU,52.2667,79.1667,55.02,45,2,11.14,clear sky
170,Sao Felix Do Xingu,BR,-6.6447,-51.995,68.11,86,30,1.86,scattered clouds
171,Lebu,CL,-37.6167,-73.65,54.46,82,77,11.72,broken clouds
172,Kalyazin,RU,57.2403,37.8433,55.96,88,100,4.18,overcast clouds
173,Hasaki,JP,35.7333,140.8333,79.29,65,100,3.76,overcast clouds
174,Raga,SS,8.4596,25.678,71.35,89,94,4.32,overcast clouds
175,Bowen,AU,-20.0167,148.2333,75.42,38,0,8.23,clear sky
176,Valparaiso,CL,-33.0393,-71.6273,56.32,84,100,7.27,overcast clouds
177,Vila Velha,BR,-20.3297,-40.2925,71.94,94,40,1.99,scattered clouds
178,Andenes,NO,69.3143,16.1194,41.07,70,90,14.97,overcast clouds
179,Cape Town,ZA,-33.9258,18.4232,59.88,92,90,5.99,heavy intensity rain
180,Tshikapa,CD,-6.4167,20.8,67.44,50,100,2.01,overcast clouds
181,Chernyshevskiy,RU,63.0128,112.4714,58.12,55,80,6.53,broken clouds
182,Airai,TL,-8.9266,125.4092,68.25,66,71,4.74,broken clouds
183,Grindavik,IS,63.8424,-22.4338,48.67,61,75,39.24,light rain
184,Santa Isabel Do Rio Negro,BR,-0.4139,-65.0192,72.64,99,58,2.19,broken clouds
185,Upington,ZA,-28.4478,21.2561,52.18,50,0,4.61,clear sky
186,Acarau,BR,-2.8856,-40.12,77.86,82,27,12.12,scattered clouds
187,Avera,US,33.194,-82.5271,78.71,53,3,7.02,clear sky
188,Kavaratti,IN,10.5669,72.642,83.61,75,9,17.11,clear sky
189,Ribeira Grande,PT,38.5167,-28.7,59.38,64,100,6.15,overcast clouds
190,Rio Gallegos,AR,-51.6226,-69.2181,26.65,93,20,14.97,few clouds
191,Nanzhang,CN,31.7765,111.8386,84.09,40,100,9.64,overcast clouds
192,Rongcheng,CN,30.634,117.8517,79.25,72,100,8.79,light rain
193,Kalispell,US,48.1958,-114.3129,53.04,83,90,8.05,overcast clouds
194,Kaeo,NZ,-35.1,173.7833,62.33,87,2,11.03,clear sky
195,Palu,ID,-0.8917,119.8707,91.67,53,6,1.92,clear sky
196,Ahipara,NZ,-35.1667,173.1667,61.48,73,17,12.71,few clouds
197,Husavik,IS,66.0449,-17.3389,40.91,64,8,15.1,clear sky
198,Shimoda,JP,34.6667,138.95,78.12,66,100,17.05,overcast clouds
199,Beidao,CN,34.5686,105.8933,74.28,32,100,4.72,overcast clouds
200,Matam,SN,15.6175,-13.3303,84.83,27,27,10.78,scattered clouds
201,Muisne,EC,0.6,-80.0333,76.8,87,96,11.79,overcast clouds
202,Matagami,CA,49.7502,-77.6328,33.91,64,90,4.83,overcast clouds
203,Mbandaka,CD,0.0487,18.2603,71.33,93,95,2.13,overcast clouds
204,Chicama,PE,-7.8447,-79.1469,63.14,89,48,5.39,scattered clouds
205,Tual,ID,-5.6667,132.75,81.73,77,17,18.75,few clouds
206,Rocha,UY,-34.4833,-54.3333,53.46,88,2,7.38,clear sky
207,Cockburn Town,TC,21.4612,-71.1419,79.0,77,3,16.82,clear sky
208,Wucheng,CN,29.6008,118.175,76.8,73,100,4.99,overcast clouds
209,Guaruja,BR,-23.9931,-46.2564,75.27,26,41,1.92,scattered clouds
210,Matveyevka,RU,52.15,56.1833,65.35,52,9,11.7,clear sky
211,Pravokumskoye,RU,44.7694,44.6472,64.81,76,100,2.15,overcast clouds
212,Sahuaripa,MX,29.05,-109.2333,82.69,15,0,5.68,clear sky
213,Finschhafen,PG,-6.6024,147.8681,81.46,81,100,10.63,overcast clouds
214,Bahraich,IN,27.5833,81.6,78.44,86,100,9.24,overcast clouds
215,Southbridge,US,42.0751,-72.0334,64.42,74,56,5.91,broken clouds
216,Tura,IN,25.5198,90.2201,79.14,84,53,5.77,broken clouds
217,Sioux Lookout,CA,50.1001,-91.917,46.78,45,20,0.0,few clouds
218,Destin,US,30.3935,-86.4958,79.12,76,40,5.75,scattered clouds
219,Konya,TR,38.1667,32.5,55.72,72,6,0.56,clear sky
220,Guerrero Negro,MX,27.9769,-114.0611,59.63,80,0,20.33,clear sky
221,Shieli,KZ,44.1667,66.75,85.03,29,5,7.27,clear sky
222,Shahe,CN,39.2708,113.5478,62.47,22,0,15.03,clear sky
223,Tucurui,BR,-3.7661,-49.6725,78.49,71,92,3.27,overcast clouds
224,Half Moon Bay,US,37.4636,-122.4286,71.89,84,90,8.05,overcast clouds
225,Prince Albert,CA,53.2001,-105.7677,62.55,34,75,19.57,broken clouds
226,Mahebourg,MU,-20.4081,57.7,73.26,94,75,3.44,broken clouds
227,Phibun Mangsahan,TH,15.2447,105.2291,87.12,69,27,9.91,scattered clouds
228,Port Hardy,CA,50.6996,-127.4199,50.18,87,90,9.22,light rain
229,Lavrentiya,RU,65.5833,-171.0,35.08,86,6,10.76,clear sky
230,Gat,IL,31.61,34.7642,74.39,78,0,6.24,clear sky
231,Carnarvon,AU,-24.8667,113.6333,78.87,65,0,12.66,clear sky
232,Caucaia,BR,-3.7361,-38.6531,82.35,73,75,9.95,broken clouds
233,Gordeyevka,RU,52.9569,31.9703,57.99,98,100,5.79,moderate rain
234,Sibu,MY,2.3,111.8167,79.11,94,40,3.0,scattered clouds
235,Yelizovo,RU,53.1873,158.3805,59.14,38,52,11.18,broken clouds
236,Naze,JP,28.3667,129.4833,70.72,94,100,5.73,moderate rain
237,Saint Anthony,US,45.0205,-93.218,44.92,90,90,1.01,light rain
238,Batemans Bay,AU,-35.7167,150.1833,57.99,49,95,14.65,overcast clouds
239,Bugojno,BA,44.0572,17.4508,48.74,98,100,4.59,overcast clouds
240,Ulaangom,MN,49.9811,92.0667,75.7,24,79,4.74,broken clouds
241,Sur,OM,22.5667,59.5289,88.63,53,22,3.89,few clouds
242,Yar-Sale,RU,66.8333,70.8333,38.43,49,59,9.75,broken clouds
243,Abu Samrah,SY,35.3029,37.1841,66.85,58,0,7.92,clear sky
244,Nanortalik,GL,60.1432,-45.2371,41.02,77,78,5.08,broken clouds
245,Batagay,RU,67.6333,134.6333,66.47,32,94,5.97,overcast clouds
246,Rome,US,34.257,-85.1647,75.42,89,51,3.56,broken clouds
247,Show Low,US,34.2542,-110.0298,76.71,11,1,10.36,clear sky
248,Buchanan,LR,5.8808,-10.0467,78.76,88,30,2.73,light rain
249,Baghdad,IQ,33.3406,44.4009,76.91,33,0,8.05,clear sky
250,Anloga,GH,5.7947,0.8973,82.62,83,100,8.81,light rain
251,Nuuk,GL,64.1835,-51.7216,32.88,85,13,8.01,few clouds
252,Anadyr,RU,64.75,177.4833,46.9,57,0,6.49,clear sky
253,Lulea,SE,65.5842,22.1547,44.67,61,99,9.22,overcast clouds
254,San Cristobal,VE,7.7669,-72.225,71.78,94,95,1.39,overcast clouds
255,Bathsheba,BB,13.2167,-59.5167,81.21,61,40,17.25,scattered clouds
256,Saint-Pierre,RE,-21.3393,55.4781,71.24,76,0,6.91,clear sky
257,Alyangula,AU,-13.8483,136.4192,80.47,61,71,16.26,broken clouds
258,Iqaluit,CA,63.7506,-68.5145,29.93,80,75,11.99,broken clouds
259,Isilkul,RU,54.9109,71.2728,53.01,59,6,7.65,clear sky
260,Paragominas,BR,-2.9667,-47.4833,73.38,78,40,2.73,scattered clouds
261,Kagoro,NG,9.6,8.3833,69.75,91,52,2.06,broken clouds
262,Phalodi,IN,27.1333,72.3667,92.93,40,2,17.38,clear sky
263,Mayo,US,38.8876,-76.5119,74.12,84,100,4.41,overcast clouds
264,Tabou,CI,4.423,-7.3528,78.78,84,21,4.92,light rain
265,Poshekhonye,RU,58.4993,39.1353,52.11,73,76,3.56,broken clouds
266,Pacific Grove,US,36.6177,-121.9166,68.4,83,75,1.99,broken clouds
267,Tarauaca,BR,-8.1614,-70.7656,72.73,85,57,1.54,broken clouds
268,Ostrovnoy,RU,68.0531,39.5131,41.85,80,99,17.2,overcast clouds
269,Vardo,NO,70.3705,31.1107,35.8,76,96,23.82,overcast clouds
270,Vakhrushev,RU,48.9833,142.9667,44.92,70,100,9.62,overcast clouds
271,Banda Aceh,ID,5.5577,95.3222,86.81,61,68,12.41,broken clouds
272,Berlevag,NO,70.8578,29.0864,35.83,81,100,22.95,overcast clouds
273,Mount Gambier,AU,-37.8333,140.7667,55.31,71,90,11.5,overcast clouds
274,Port Lincoln,AU,-34.7333,135.8667,61.77,57,97,9.64,overcast clouds
275,Algiers,DZ,36.7525,3.042,62.42,88,75,3.49,broken clouds
276,Saint George,US,37.1041,-113.5841,90.19,7,1,11.5,clear sky
277,Hambantota,LK,6.1241,81.1185,82.74,89,20,22.32,few clouds
278,Esperance,AU,-33.8667,121.9,64.24,41,0,15.01,clear sky
279,Vanderhoof,CA,54.0166,-124.0198,40.28,97,100,8.79,overcast clouds
280,Ratnagiri,IN,16.9833,73.3,86.05,71,93,7.67,overcast clouds
281,Axim,GH,4.8699,-2.2405,79.07,86,100,5.66,overcast clouds
282,Caravelas,BR,-17.7125,-39.2481,72.91,85,55,4.7,broken clouds
283,Elmira,US,42.0898,-76.8077,51.01,80,91,3.36,overcast clouds
284,Asau,RO,46.4333,26.4,58.39,100,81,3.4,light rain
285,Hobyo,SO,5.3505,48.5268,78.04,82,93,15.88,overcast clouds
286,Faanui,PF,-16.4833,-151.75,81.27,66,10,8.5,clear sky
287,Malakal,SS,9.5334,31.6605,79.23,66,91,3.94,overcast clouds
288,Ancud,CL,-41.8697,-73.8203,49.53,86,100,20.47,light rain
289,Mandalgovi,MN,45.7625,106.2708,68.32,30,2,21.21,clear sky
290,Puerto Del Rosario,ES,28.5004,-13.8627,67.75,73,100,10.36,overcast clouds
291,Saldanha,ZA,-33.0117,17.9442,57.25,89,100,14.92,overcast clouds
292,Kalmunai,LK,7.4167,81.8167,84.65,62,18,1.74,few clouds
293,Kondagaon,IN,19.6,81.6667,91.13,35,100,9.78,overcast clouds
294,Nsanje,MW,-16.92,35.262,59.5,97,0,0.63,clear sky
295,Kalia,BD,23.0396,89.6328,89.89,65,30,14.94,scattered clouds
296,Kiunga,PG,-6.1219,141.2906,84.15,64,100,4.07,overcast clouds
297,Alta Floresta,BR,-9.8756,-56.0861,69.82,75,12,2.24,few clouds
298,Bereda,ES,43.2686,-7.5406,56.57,100,100,0.96,overcast clouds
299,The Pas,CA,53.8251,-101.2541,51.82,43,1,14.54,clear sky
300,Peniche,PT,39.3558,-9.3811,63.73,89,36,9.37,scattered clouds
301,Voi,KE,-3.3945,38.563,65.88,92,99,5.66,overcast clouds
302,Upernavik,GL,72.7868,-56.1549,38.32,74,100,6.15,overcast clouds
303,Raudeberg,NO,61.9875,5.1352,47.19,89,27,12.1,scattered clouds
304,Saskylakh,RU,71.9167,114.0833,36.41,63,87,5.19,overcast clouds
305,Kulhudhuffushi,MV,6.6221,73.07,82.85,76,52,19.77,broken clouds
306,Puquio,PE,-14.7,-74.1333,48.22,88,52,0.27,broken clouds
307,Gayny,RU,60.3071,54.3241,51.69,73,94,6.44,overcast clouds
308,Porbandar,IN,21.6422,69.6093,84.92,69,92,14.65,overcast clouds
309,Amapa,BR,1.0,-52.0,71.74,100,100,2.62,overcast clouds
310,Nizhniy Tsasuchey,RU,50.5167,115.1333,60.03,38,8,10.07,clear sky
311,Severo-Kurilsk,RU,50.6789,156.125,40.48,82,75,9.22,broken clouds
312,Dax,FR,43.75,-1.1667,58.28,96,100,0.85,overcast clouds
313,Mangaratiba,BR,-22.9597,-44.0406,72.03,87,2,3.83,clear sky
314,Jumla,NP,29.2747,82.1838,56.41,91,100,5.14,overcast clouds
315,Bengkulu,ID,-3.8004,102.2655,83.84,71,77,2.66,broken clouds
316,Barcelos,PT,41.5388,-8.6151,59.14,88,98,1.41,overcast clouds
317,Izyaslav,UA,50.1195,26.8213,52.27,94,95,5.3,overcast clouds
318,Namibe,AO,-15.1961,12.1522,73.65,57,2,5.12,clear sky
319,Hovd,MN,48.0056,91.6419,76.42,17,98,14.56,overcast clouds
320,Camp Verde,US,34.5636,-111.8543,85.66,15,0,6.62,clear sky
321,Bantogon,PH,6.5333,124.0333,84.67,68,70,4.47,broken clouds
322,Beruwala,LK,6.4788,79.9828,82.31,81,81,14.41,broken clouds
323,Cabo San Lucas,MX,22.8909,-109.9124,85.8,64,100,11.5,overcast clouds
324,Bima,ID,-8.4667,118.7167,87.26,63,87,6.04,overcast clouds
325,Mount Isa,AU,-20.7333,139.5,74.97,20,35,13.8,scattered clouds
326,Bilibino,RU,68.0546,166.4372,49.37,54,82,11.21,broken clouds
327,Anuradhapura,LK,8.3565,80.4173,83.84,72,32,16.04,scattered clouds
328,Makurdi,NG,7.7411,8.5121,77.74,84,15,5.26,few clouds
329,Sao Gabriel Da Cachoeira,BR,-0.1303,-67.0892,71.98,99,47,2.48,light rain
330,Dudinka,RU,69.4058,86.1778,24.28,93,100,12.62,overcast clouds
331,Ilmajoki,FI,62.7333,22.5667,45.54,78,1,2.68,clear sky
332,Pangody,RU,65.85,74.4859,36.99,55,84,12.86,broken clouds
333,Nouadhibou,MR,20.931,-17.0347,64.38,82,0,17.27,clear sky
334,Trincomalee,LK,8.5711,81.2335,84.9,71,8,22.46,clear sky
335,Cloquet,US,46.7216,-92.4594,36.68,65,1,6.91,clear sky
336,Sitka,US,57.0531,-135.33,48.78,85,100,5.39,overcast clouds
337,Constantine,DZ,36.365,6.6147,63.81,77,40,17.27,scattered clouds
338,Gandai,IN,21.6667,81.1,92.98,32,82,3.89,broken clouds
339,Kikwit,CD,-5.041,18.8162,69.17,59,100,2.28,overcast clouds
340,Olafsvik,IS,64.8945,-23.7142,46.9,71,85,17.72,overcast clouds
341,Pangnirtung,CA,66.1451,-65.7125,25.99,96,80,1.79,broken clouds
342,Mehamn,NO,71.0357,27.8492,35.73,78,100,20.56,overcast clouds
343,Laguna,US,38.421,-121.4238,84.52,53,8,5.01,clear sky
344,Yumen,CN,40.2833,97.2,83.35,7,9,15.68,clear sky
345,Kilindoni,TZ,-7.9139,39.6668,78.48,68,78,15.66,light rain
346,Bhawanipatna,IN,19.9,83.1667,93.25,23,100,4.29,overcast clouds
347,Lagoa,PT,39.05,-27.9833,58.35,58,88,3.47,overcast clouds
348,Lakes Entrance,AU,-37.8811,147.981,55.18,56,99,15.7,overcast clouds
349,Mufulira,ZM,-12.5498,28.2407,45.97,74,0,4.07,clear sky
350,Sao Filipe,CV,14.8961,-24.4956,72.43,79,4,10.67,clear sky
351,Itagiba,BR,-14.2836,-39.8428,62.44,95,4,0.67,clear sky
352,Dedovichi,RU,57.5517,29.9502,47.68,97,16,3.36,few clouds
353,Praia Da Vitoria,PT,38.7333,-27.0667,56.75,76,20,7.61,few clouds
354,Richards Bay,ZA,-28.783,32.0377,61.34,50,14,5.66,few clouds
355,Mazyr,BY,52.0495,29.2456,53.35,95,73,4.76,broken clouds
356,Jieshi,CN,22.8134,115.8257,86.68,72,100,15.61,overcast clouds
357,Bud,US,39.447,-86.1758,72.55,93,100,7.45,overcast clouds
358,Ust-Nera,RU,64.5667,143.2,57.27,43,100,8.21,overcast clouds
359,Henties Bay,NA,-22.116,14.2845,60.85,83,3,5.95,clear sky
360,Virginia Beach,US,36.8529,-75.978,77.09,79,20,5.75,few clouds
361,Salalah,OM,17.0151,54.0924,80.49,76,98,3.69,overcast clouds
362,Lexington Park,US,38.2668,-76.4538,73.65,77,40,0.0,scattered clouds
363,Nabire,ID,-3.3667,135.4833,85.82,71,48,4.23,scattered clouds
364,Okha,RU,53.5739,142.9478,44.62,70,38,11.23,scattered clouds
365,Prince Rupert,CA,54.3161,-130.3201,53.29,78,75,9.22,broken clouds
366,Wanning,CN,18.8003,110.3967,89.55,64,91,14.63,overcast clouds
367,Viedma,AR,-40.8135,-62.9967,55.06,41,23,14.61,few clouds
368,Sawtell,AU,-30.3833,153.1,66.52,48,0,16.11,clear sky
369,Pilar,BR,-9.5972,-35.9567,76.93,90,31,2.46,scattered clouds
370,Weyburn,CA,49.6668,-103.8511,53.82,32,0,16.11,clear sky
371,Huilong,CN,31.8111,121.655,82.04,62,99,19.82,overcast clouds
372,Massakory,TD,12.996,15.7293,86.45,42,79,7.58,broken clouds
373,Phalaborwa,ZA,-23.943,31.1411,60.08,51,4,5.37,clear sky
374,Juan Lacaze,UY,-34.4342,-57.4381,59.11,86,35,13.73,scattered clouds
375,Waddan,LY,29.1614,16.139,78.55,22,10,9.84,clear sky
376,Alto Araguaia,BR,-17.3147,-53.2153,70.5,62,40,2.51,scattered clouds
377,Klaksvik,FO,62.2266,-6.589,45.52,84,93,13.85,overcast clouds
378,Lubao,PH,14.9167,120.55,93.22,47,37,6.67,scattered clouds
379,Bay Roberts,CA,47.5999,-53.2648,53.65,96,100,8.99,overcast clouds
380,Khorixas,NA,-20.3667,14.9667,62.4,36,0,8.34,clear sky
381,Ocampo,MX,21.65,-101.5,68.38,46,37,14.74,scattered clouds
382,Bethlehem,BR,-1.4558,-48.5044,80.64,89,75,6.91,light rain
383,Darhan,MN,49.4867,105.9228,61.07,37,80,4.34,broken clouds
384,Hofn,IS,64.2539,-15.2082,43.77,86,100,11.01,overcast clouds
385,Diffa,NE,13.3154,12.6113,81.46,9,33,5.21,scattered clouds
386,San Rafael,AR,-34.6177,-68.3301,57.85,33,94,2.51,overcast clouds
387,Boshnyakovo,RU,49.6333,142.1667,49.26,57,40,3.02,scattered clouds
388,Ngunguru,NZ,-35.6167,174.5,62.17,60,3,10.02,clear sky
389,Neuquen,AR,-38.9516,-68.0591,57.09,33,0,13.8,clear sky
390,Riyadh,SA,24.6877,46.7219,84.25,14,0,4.61,clear sky
391,Havelock,US,34.8791,-76.9013,77.95,89,83,4.14,broken clouds
392,Takoradi,GH,4.8845,-1.7554,78.96,87,64,6.2,light rain
393,Santa Isabel,BR,-23.3156,-46.2214,67.78,84,75,2.33,broken clouds
394,Seminole,US,28.7086,-81.2081,80.38,79,0,1.01,clear sky
395,Labuhan,ID,-6.8844,112.2051,87.03,65,39,9.55,scattered clouds
396,Karakol,KG,42.4907,78.3936,62.91,55,44,3.36,scattered clouds
397,Haines Junction,CA,60.7522,-137.5108,51.75,43,100,17.27,overcast clouds
398,Nemuro,JP,43.3236,145.575,48.63,97,100,12.55,overcast clouds
399,Alexandria,EG,31.2156,29.9553,69.76,88,0,8.05,clear sky
400,Bethel,US,41.3712,-73.414,67.05,68,68,6.91,broken clouds
401,Nikolskoye,RU,59.7035,30.7861,51.4,97,33,3.06,scattered clouds
402,Nizhneudinsk,RU,54.9076,99.0276,52.43,84,100,4.29,light rain
403,Faya,SA,18.3851,42.4509,64.92,23,9,4.85,clear sky
404,Jalu,LY,29.0331,21.5482,76.42,26,0,9.19,clear sky
405,West Wendover,US,40.7391,-114.0733,78.01,13,1,5.75,clear sky
406,Dongkan,CN,33.9997,119.8308,83.41,20,0,17.13,clear sky
407,Samana,DO,19.2056,-69.3369,76.59,82,13,7.67,few clouds
408,Belmonte,BR,-15.8631,-38.8828,73.9,78,3,7.61,clear sky
409,Bestobe,KZ,52.4994,73.0975,57.07,50,0,4.03,clear sky
410,Quatre Cocos,MU,-20.2078,57.7625,73.09,85,44,9.33,scattered clouds
411,Escanaba,US,45.7453,-87.0646,41.43,75,100,1.99,overcast clouds
412,Mahibadhoo,MV,3.7833,72.9667,83.86,75,98,20.09,overcast clouds
413,Banhigan,PH,9.859,123.3893,87.69,72,46,2.08,scattered clouds
414,Zalantun,CN,48.0,122.7167,62.89,41,94,4.0,overcast clouds
415,Bitlis,TR,38.5,42.25,57.09,41,3,4.23,clear sky
416,Talcahuano,CL,-36.7167,-73.1167,55.08,82,33,4.61,scattered clouds
417,Coihueco,CL,-36.6167,-71.8333,52.54,96,90,3.53,overcast clouds
418,Comodoro Rivadavia,AR,-45.8667,-67.5,48.06,71,75,5.75,broken clouds
419,Mandera,KE,3.9366,41.867,75.34,71,49,9.78,scattered clouds
420,Give,DK,55.8398,9.25,48.07,93,90,5.82,overcast clouds
421,Flinders,AU,-34.5833,150.8552,63.18,40,36,7.0,scattered clouds
422,Kawalu,ID,-7.3817,108.2082,85.05,65,52,3.4,broken clouds
423,Hearst,CA,49.6835,-83.6665,34.05,47,0,2.68,clear sky
424,Alberton,CA,46.8168,-64.0654,44.73,53,22,20.11,few clouds
425,Namatanai,PG,-3.6667,152.4333,78.96,88,100,7.72,light rain
426,Baza,ES,37.4907,-2.7726,55.74,72,100,2.21,overcast clouds
427,Fort Nelson,CA,58.8053,-122.7002,60.39,29,75,6.91,broken clouds
428,Sorata,BO,-15.7667,-68.6333,43.79,80,78,2.19,broken clouds
429,Darnetal,FR,49.4453,1.1514,53.04,86,0,5.01,clear sky
430,Sumenep,ID,-7.0167,113.8667,85.78,70,53,13.69,broken clouds
431,Rafai,CF,4.95,23.9167,67.57,98,99,1.59,overcast clouds
432,Lawton,US,34.6087,-98.3903,74.07,88,90,14.97,light rain
433,Valdivia,CL,-39.8142,-73.2459,53.69,89,100,12.35,light rain
434,Fairbanks,US,64.8378,-147.7164,54.61,47,75,13.8,broken clouds
435,Kurayoshi,JP,35.4333,133.8167,78.62,50,16,2.1,few clouds
436,Saint-Joseph,RE,-21.3667,55.6167,70.16,76,12,2.01,few clouds
437,Coahuayana,MX,18.7333,-103.6833,77.49,77,100,1.07,overcast clouds
438,Mochudi,BW,-24.4167,26.15,39.79,36,29,3.69,scattered clouds
439,Wairoa,NZ,-39.0333,177.3667,58.55,77,87,1.99,light rain
440,Nome,US,64.5011,-165.4064,60.87,29,1,11.5,clear sky
441,Petropavlovsk-Kamchatskiy,RU,53.0452,158.6483,57.79,38,20,9.73,few clouds
442,Porto Velho,BR,-8.7619,-63.9039,75.25,94,0,0.0,light rain
443,Iberia,US,29.9502,-91.7507,77.11,94,1,7.25,clear sky
444,Ambulu,ID,-8.345,113.6058,86.2,64,8,4.63,clear sky
445,Yulara,AU,-25.2406,130.9889,55.24,44,100,17.27,overcast clouds
446,Muravlenko,RU,63.7898,74.523,38.23,50,43,16.64,scattered clouds
447,Bilma,NE,18.6853,12.9164,82.04,8,0,4.45,clear sky
448,Tevaitoa,PF,-16.7833,-151.5,80.4,71,15,6.82,few clouds
449,Palaikastron,GR,35.2,26.25,66.9,79,10,8.79,clear sky
450,Burgeo,CA,47.6167,-57.6152,41.76,68,8,20.47,clear sky
451,Tupik,RU,54.4253,119.9327,55.63,51,100,4.45,overcast clouds
452,Peterhead,GB,57.5058,-1.7981,45.72,92,90,6.67,overcast clouds
453,Los Lunas,US,34.8062,-106.7334,80.85,15,75,6.38,broken clouds
454,Maceio,BR,-9.6658,-35.7353,76.44,88,75,10.25,broken clouds
455,Temyasovo,RU,52.9933,58.1014,57.56,54,2,5.06,clear sky
456,Dondo,MZ,-19.6094,34.7431,55.94,93,0,4.07,clear sky
457,Hvide Sande,DK,56.0045,8.1294,49.19,94,85,15.95,overcast clouds
458,Gwadar,PK,25.1216,62.3254,86.79,70,0,9.48,clear sky
459,Sorgun,TR,39.8101,35.186,56.16,68,69,3.38,broken clouds
460,Moses Lake,US,47.1301,-119.2781,63.28,42,19,15.28,few clouds
461,Camacha,PT,33.0833,-16.3333,61.56,77,40,6.91,scattered clouds
462,Zaozerne,UA,45.1582,33.2787,57.94,71,94,11.43,overcast clouds
463,Gravdal,NO,68.1214,13.5031,43.21,76,59,9.4,broken clouds
464,Yerbogachen,RU,61.2767,108.0108,59.07,54,64,6.08,light rain
465,Veraval,IN,20.9,70.3667,84.43,77,97,12.53,overcast clouds
466,Kintampo,GH,8.0563,-1.7306,72.57,94,72,3.49,broken clouds
467,Makuyuni,TZ,-4.7333,38.1,64.89,96,77,3.47,broken clouds
468,Opuwo,NA,-18.0607,13.84,58.82,43,0,7.83,clear sky
469,Rosarito,MX,32.3333,-117.0333,66.58,76,2,8.34,clear sky
470,Kavieng,PG,-2.5744,150.7967,81.12,82,99,6.26,moderate rain
471,Pitimbu,BR,-7.4706,-34.8086,73.99,81,68,10.09,broken clouds
472,Aden,YE,12.7794,45.0367,86.5,69,100,10.67,overcast clouds
473,Midland,US,31.9974,-102.0779,81.95,61,1,13.8,clear sky
474,Kachkanar,RU,58.7,59.4948,45.81,68,100,3.27,overcast clouds
475,Cuamba,MZ,-14.8031,36.5372,53.04,81,0,1.61,clear sky
476,Abha,SA,18.2164,42.5053,64.65,20,0,3.98,clear sky
477,Marsassoum,SN,12.8275,-15.9806,77.38,59,12,4.09,few clouds
478,Chateaubelair,VC,13.2833,-61.25,81.21,72,98,14.9,overcast clouds
479,Ranavav,IN,21.6842,69.7408,85.64,66,80,14.2,broken clouds
480,Oyem,GA,1.5995,11.5793,68.31,98,100,1.43,light rain
481,La Ronge,CA,55.1001,-105.2842,62.85,29,20,13.8,few clouds
482,La Orilla,MX,17.9833,-102.2333,79.93,69,66,4.56,broken clouds
483,Seoul,KR,37.5683,126.9778,59.41,85,90,5.1,overcast clouds
484,Pozhva,RU,59.0912,56.0847,46.44,91,100,6.38,overcast clouds
485,Domoni,KM,-12.2569,44.5319,74.53,73,0,6.17,clear sky
486,Kindu,CD,-2.95,25.95,68.07,99,85,2.53,light rain
487,Quelimane,MZ,-17.8786,36.8883,69.75,88,75,2.3,broken clouds
488,Mala Tokmachka,UA,47.5356,35.8929,59.56,64,72,5.88,broken clouds
489,Lobva,RU,59.1854,60.5185,48.85,61,100,5.46,overcast clouds
490,Guasdualito,VE,7.2424,-70.7324,75.2,100,80,1.14,broken clouds
491,Falmouth,GB,50.1544,-5.0711,52.7,100,100,1.01,overcast clouds
492,Vernon,CA,50.2581,-119.2691,64.76,40,77,1.99,broken clouds
493,Podporozhye,RU,60.9112,34.1706,51.6,97,98,6.73,overcast clouds
494,Ngama,TD,11.7833,17.1667,83.46,50,58,3.22,broken clouds
495,Pemangkat,ID,1.1667,108.9667,85.01,70,18,1.79,few clouds
496,Buenos Aires,AR,-34.6132,-58.3772,62.78,77,0,6.91,clear sky
497,Grand Gaube,MU,-20.0064,57.6608,73.38,78,12,3.0,few clouds
498,Lamu,KE,-2.2717,40.902,76.5,84,48,14.12,light rain
499,Karratha,AU,-20.7377,116.8463,83.03,38,44,18.54,scattered clouds
500,Holme,DK,56.1138,10.1725,48.06,91,87,5.12,overcast clouds
501,Riberalta,BO,-10.9833,-66.1,72.75,78,96,2.19,overcast clouds
502,Tevriz,RU,57.509,72.4042,50.32,58,96,4.74,overcast clouds
503,Palana,RU,59.1167,159.9667,35.29,90,100,6.85,overcast clouds
504,Pesochenskiy,RU,54.1733,36.1094,57.49,94,96,2.62,overcast clouds
505,Teseney,ER,15.11,36.6575,86.9,29,16,14.45,few clouds
506,Sochi,RU,43.6,39.7303,62.62,79,11,3.76,few clouds
507,Stornoway,GB,58.2093,-6.3865,45.93,93,100,2.3,overcast clouds
508,Port Blair,IN,11.6667,92.75,86.04,89,40,2.3,scattered clouds
509,Taoudenni,ML,22.6783,-3.9836,96.37,16,68,9.64,broken clouds
510,Portland,US,45.5234,-122.6762,59.45,65,90,1.99,overcast clouds
511,Hualmay,PE,-11.0964,-77.6139,65.37,91,55,5.77,broken clouds
512,Las Vegas,US,36.175,-115.1372,94.78,8,20,8.68,few clouds
513,Morgan City,US,29.6994,-91.2068,77.05,87,76,5.64,broken clouds
514,Makakilo City,US,21.3469,-158.0858,80.62,65,97,11.16,overcast clouds
515,Aksu,CN,41.1231,80.2644,82.0,12,43,4.43,scattered clouds
516,Vestmannaeyjar,IS,63.4427,-20.2734,46.06,88,100,39.41,overcast clouds
517,Santa Cruz Del Norte,CU,23.1539,-81.9236,77.72,78,21,14.0,few clouds
518,Saint-Augustin,CA,51.226,-58.6502,43.54,76,100,18.97,overcast clouds
519,Khandagayty,RU,50.7333,92.05,66.27,47,67,25.77,light rain
520,Fukue,JP,32.6881,128.8419,70.16,88,75,12.66,broken clouds
521,Romny,UA,50.751,33.4747,59.4,92,6,2.75,clear sky
522,Miles City,US,46.4083,-105.8406,53.51,70,10,13.96,clear sky
523,Saiha,IN,22.4833,92.9667,88.93,44,41,2.84,scattered clouds
524,Bah,IN,26.87,78.5975,87.78,52,65,9.35,broken clouds
525,Visnes,NO,59.3556,5.2242,50.58,87,90,3.44,overcast clouds
526,Baringo,KE,0.4667,35.9667,64.33,68,23,5.01,few clouds
527,Puro,PH,12.4841,123.3827,88.7,64,62,7.47,broken clouds
528,Ihosy,MG,-22.4,46.1167,58.39,91,71,3.38,broken clouds
529,Enshi,CN,30.3,109.4833,69.51,72,100,4.38,overcast clouds
530,Kenai,US,60.5544,-151.2583,62.02,71,71,18.59,broken clouds
531,Vikindu,TZ,-7.0067,39.2985,69.44,94,20,6.29,few clouds
532,Griffith,US,41.5284,-87.4237,62.04,81,90,4.61,overcast clouds
533,Badou,TG,7.5833,0.6,73.38,94,97,2.44,overcast clouds
534,Colares,PT,38.7992,-9.4469,63.45,58,47,10.0,scattered clouds
535,Calama,CL,-22.4667,-68.9333,52.29,76,75,21.85,broken clouds
536,Gewane,ET,10.1664,40.6453,80.76,55,17,4.09,few clouds
537,Natal,BR,-5.795,-35.2094,77.22,83,40,8.16,scattered clouds
538,Salta,AR,-24.7859,-65.4117,52.39,87,0,2.75,clear sky
539,Curuguaty,PY,-24.4694,-55.6945,67.59,75,90,2.84,heavy intensity rain
540,Ixtapa,MX,20.7,-105.2,79.23,81,7,1.99,clear sky
541,Mirnyy,RU,62.5353,113.9611,55.24,70,97,4.0,overcast clouds
542,San Lawrenz,MT,36.0553,14.204,66.85,88,87,4.54,overcast clouds
543,Azul,AR,-36.777,-59.8585,55.6,86,100,7.27,moderate rain
544,Sibolga,ID,1.7427,98.7792,82.26,77,98,2.04,overcast clouds
545,General Roca,AR,-39.0333,-67.5833,57.6,33,3,19.48,clear sky
546,Fasa,IR,28.9383,53.6482,63.64,25,0,4.61,clear sky
547,Kapuskasing,CA,49.4169,-82.4331,39.2,48,20,3.44,few clouds
548,Balkanabat,TM,39.5108,54.3671,75.63,47,0,5.91,clear sky
549,Ayagoz,KZ,47.9714,80.4392,61.77,45,84,20.31,broken clouds
550,Tahoua,NE,14.8888,5.2692,83.1,21,29,6.96,scattered clouds
551,Waw,SS,7.7029,27.9953,73.54,84,78,5.55,broken clouds
552,Launceston,AU,-41.45,147.1667,53.62,48,40,5.99,scattered clouds
553,Santiago,CL,-33.4569,-70.6483,63.18,55,90,0.34,overcast clouds
554,Lingao,CN,19.9103,109.6859,90.16,58,69,1.16,broken clouds
555,Yining,CN,29.0361,114.5636,71.44,79,100,1.1,overcast clouds
556,Novaya Zaimka,RU,56.4857,66.9241,52.45,60,14,6.55,few clouds
557,Bacalar,MX,18.6667,-88.3833,76.95,87,29,4.94,scattered clouds
558,Kingaroy,AU,-26.5333,151.8333,68.05,26,0,13.8,clear sky
559,Atar,MR,20.5169,-13.0499,83.28,21,6,7.11,clear sky
560,Port-Cartier,CA,50.0334,-66.8654,39.42,55,16,17.43,few clouds
561,Lieksa,FI,63.3167,30.0167,42.35,97,96,4.14,overcast clouds
562,Fez,MA,34.0372,-4.9998,59.25,94,0,3.76,clear sky
563,Estelle,US,29.8458,-90.1067,80.01,71,17,4.0,few clouds
564,Harper,LR,4.375,-7.7169,78.69,86,19,5.3,light rain
565,Barranca,PE,-10.75,-77.7667,65.52,90,69,5.77,broken clouds
566,Luoyang,CN,34.6836,112.4536,87.39,11,99,10.18,overcast clouds
567,Berdigestyakh,RU,62.0989,126.6992,64.53,31,54,7.16,broken clouds
568,Batagay-Alyta,RU,67.8006,130.4114,62.06,33,29,9.91,scattered clouds
569,Warrnambool,AU,-38.3833,142.4833,56.8,55,81,11.21,broken clouds
570,Yichun,CN,47.7,128.9,64.13,45,54,2.1,broken clouds
571,Laramie,US,41.3114,-105.5911,56.03,37,3,4.45,clear sky
572,Price,US,39.5994,-110.8107,72.12,26,67,9.48,broken clouds
573,Banjar,ID,-8.19,114.9675,82.26,60,21,3.56,few clouds
574,Umm Lajj,SA,25.0213,37.2685,82.76,77,42,6.08,scattered clouds
575,Coihaique,CL,-45.5752,-72.0662,39.15,93,75,3.44,broken clouds
576,Vaitape,PF,-16.5167,-151.75,81.25,66,10,8.37,clear sky
577,Melbourne,US,28.0836,-80.6081,78.96,76,0,8.99,clear sky
578,Yashkul,RU,46.1711,45.3435,67.37,73,70,4.29,light rain
579,Afonso Claudio,BR,-20.0742,-41.1239,62.65,96,3,3.04,clear sky
580,Newport,GB,51.5877,-2.9984,54.63,84,100,3.27,overcast clouds
581,Los Llanos De Aridane,ES,28.6585,-17.9182,62.35,78,75,9.57,broken clouds
582,Naftalan,AZ,40.5067,46.825,60.22,76,10,1.81,clear sky
583,Mareeba,AU,-17.0,145.4333,77.43,64,8,10.02,clear sky
584,Kropotkin,RU,45.4375,40.5756,60.64,93,11,4.27,few clouds
585,Pestovo,RU,58.5938,35.8024,53.91,75,99,4.56,overcast clouds
586,Jardim,BR,-21.4803,-56.1381,75.07,62,100,3.69,light rain
587,Bloemfontein,ZA,-29.1211,26.214,36.88,81,94,2.3,overcast clouds
588,Kununurra,AU,-15.7667,128.7333,80.58,24,6,13.8,clear sky
589,Shitanjing,CN,39.2342,106.3439,70.45,17,41,3.58,scattered clouds
590,Eyl,SO,7.9803,49.8164,78.64,73,100,12.82,overcast clouds
591,Sicamous,CA,50.8331,-118.9856,60.3,88,92,3.6,overcast clouds
592,Port Hawkesbury,CA,45.6169,-61.3485,45.88,77,75,1.99,broken clouds
593,Umtata,ZA,-31.5889,28.7844,56.28,43,29,3.76,scattered clouds
594,Bacolod,PH,10.6667,122.95,87.31,68,37,5.3,scattered clouds
595,Ca Mau,VN,9.1769,105.15,86.11,71,83,5.95,broken clouds
596,Morristown,US,36.214,-83.2949,73.74,83,90,5.75,overcast clouds
597,Tilichiki,RU,60.4667,166.1,38.73,80,98,11.32,overcast clouds
598,Vestmanna,FO,62.1564,-7.1664,43.72,87,90,8.99,overcast clouds
599,Dumas,US,35.8656,-101.9732,69.94,56,1,13.8,clear sky
600,Gornyy,RU,55.1153,83.9059,43.79,61,73,16.49,broken clouds
601,Brownsville,US,25.9018,-97.4975,81.01,86,13,7.0,few clouds
602,Cabra,ES,37.4725,-4.4421,60.66,84,100,1.66,overcast clouds
603,Ialibu,PG,-6.2821,143.9935,62.67,86,100,2.66,overcast clouds
604,Port-Gentil,GA,-0.7193,8.7815,77.77,83,100,8.03,overcast clouds
605,Sri Aman,MY,1.2376,111.4621,84.25,84,40,0.0,scattered clouds
606,Yinchuan,CN,38.4681,106.2731,74.89,14,20,9.51,few clouds
607,Vangaindrano,MG,-23.35,47.6,63.88,90,2,3.27,clear sky
608,Kita,ML,13.0349,-9.4895,85.71,39,63,0.92,broken clouds
609,Volodarskiy,RU,46.4013,48.5409,66.15,73,93,6.55,overcast clouds
610,Sergeyevka,KZ,53.88,67.4158,58.06,56,4,4.16,clear sky
611,Myski,RU,53.709,87.8014,44.94,69,99,7.47,overcast clouds
612,Terre Haute,US,39.4667,-87.4139,69.17,93,100,1.01,overcast clouds
613,Inhambane,MZ,-23.865,35.3833,62.22,83,0,6.31,clear sky
614,Rorvik,NO,64.8621,11.2373,45.43,75,79,15.26,broken clouds
615,Kloulklubed,PW,7.0419,134.2556,84.76,77,100,9.24,overcast clouds
616,Ilo,PE,-17.6394,-71.3375,64.33,88,82,2.62,broken clouds
617,Waipawa,NZ,-41.4122,175.5153,52.45,57,90,3.94,overcast clouds
618,Shelburne,CA,44.0787,-80.2041,46.13,64,100,7.58,overcast clouds
619,Miragoane,HT,18.4423,-73.0876,79.7,76,31,4.27,scattered clouds
620,Funchal,PT,32.6333,-16.9,65.03,80,20,5.99,few clouds
621,Rio Grande,BR,-32.035,-52.0986,52.95,80,1,8.46,clear sky
622,Catalao,BR,-18.1658,-47.9464,69.93,58,47,1.5,scattered clouds
623,Ubrique,ES,36.6778,-5.446,58.51,81,100,3.44,overcast clouds
624,Rundu,NA,-17.9333,19.7667,48.96,48,0,5.08,clear sky
625,Payo,ID,-3.7508,103.6372,84.4,73,99,2.33,overcast clouds
626,Kanash,RU,55.5086,47.4956,58.59,75,5,5.75,clear sky
627,The Valley,AI,18.217,-63.0578,80.46,77,1,12.75,clear sky
628,Barra,BR,-11.0894,-43.1417,71.82,55,50,6.71,scattered clouds
629,Siljan,NO,59.2884,9.71,46.35,69,11,4.38,few clouds
630,Concordia,AR,-31.393,-58.0209,57.27,94,0,4.0,clear sky
631,Brockton,US,42.0834,-71.0184,66.31,62,71,1.01,broken clouds
632,Atambua,ID,-9.1061,124.8925,80.26,62,45,4.25,scattered clouds
633,Caluquembe,AO,-13.7833,14.6833,51.21,46,0,0.87,clear sky
634,Sangar,RU,63.9242,127.4739,66.09,31,22,1.41,few clouds
635,Malacky,SK,48.436,17.0219,51.62,100,41,7.34,scattered clouds
636,Araouane,ML,18.9048,-3.5265,89.91,16,100,10.2,overcast clouds
637,Arman,RU,59.7,150.1667,43.23,84,100,6.49,overcast clouds
638,Jiayuguan,CN,39.8167,98.3,78.91,11,68,2.33,broken clouds
639,Kongolo,CD,-5.3833,27.0,69.3,70,74,2.35,broken clouds
640,Sao Raimundo Das Mangabeiras,BR,-7.0219,-45.4811,72.43,55,56,1.92,broken clouds
641,Tawang,IN,27.5833,91.8667,54.77,98,100,3.13,overcast clouds
642,Tanete,ID,-3.9443,119.7848,90.48,53,10,11.1,clear sky
643,Louga,RU,58.7372,29.8453,46.96,98,36,3.4,scattered clouds
644,Gol,NO,60.7014,8.9457,45.21,74,11,2.01,few clouds
645,Vezirkopru,TR,41.1436,35.4547,54.09,72,79,0.45,broken clouds
646,Neiafu,TO,-18.65,-173.9833,79.48,78,75,7.38,broken clouds
647,Poli,TZ,-3.3333,36.8,59.27,94,96,3.94,overcast clouds
648,Hay River,CA,60.8156,-115.7999,53.58,47,75,5.75,broken clouds
649,Payakumbuh,ID,-0.2202,100.6308,81.16,75,31,2.39,scattered clouds
650,Liaozhong,CN,41.5061,122.7242,59.49,78,100,8.68,overcast clouds
651,Hamilton,US,39.1834,-84.5333,72.37,81,76,3.09,broken clouds
652,Zhezkazgan,KZ,47.8043,67.7144,67.01,42,0,19.69,clear sky
653,Yilan,TW,24.757,121.753,96.08,55,91,4.72,overcast clouds
654,Colac,AU,-38.3333,143.5833,55.62,50,81,7.92,broken clouds
655,Wajima,JP,37.4,136.9,70.48,68,75,14.61,broken clouds
656,Aljezur,PT,37.3191,-8.8033,60.71,61,11,2.53,few clouds
657,Kumluca,TR,36.3703,30.2869,70.48,66,0,2.1,clear sky
658,Bandarbeyla,SO,9.4942,50.8122,79.02,75,53,17.27,broken clouds
659,Redcliffe,AU,-27.2307,153.0973,72.14,44,20,3.8,few clouds
660,Russell,US,32.3502,-85.1999,78.96,89,83,3.87,broken clouds
661,Kasongo-Lunda,CD,-6.4667,16.8167,66.02,60,100,2.17,overcast clouds
662,Pochutla,MX,15.7432,-96.4661,85.82,72,76,4.5,broken clouds
663,Ouro Preto,BR,-20.3948,-43.5052,57.94,90,55,0.18,broken clouds
664,Cabo Rojo,PR,18.0866,-67.1457,78.01,91,20,1.01,few clouds
665,Hollabrunn,AT,48.55,16.0833,50.95,83,51,1.01,broken clouds
666,Verkhoyansk,RU,67.5447,133.385,68.11,31,72,9.73,broken clouds
667,Belaya Gora,RU,68.5333,146.4167,63.63,26,95,15.01,overcast clouds
668,Maku,IR,39.2911,44.4521,64.67,38,36,4.76,scattered clouds
669,Zagare,LT,56.3592,23.25,45.36,96,8,5.17,clear sky
670,Maldonado,UY,-34.6667,-54.9167,56.59,86,2,8.79,clear sky
671,Moree,AU,-29.4667,149.85,62.62,42,0,19.57,clear sky
672,Singaraja,ID,-8.112,115.0882,86.36,64,25,2.64,scattered clouds
673,Sao Joao Da Barra,BR,-21.6403,-41.0511,70.65,90,0,3.62,clear sky
674,Buta,CD,2.7858,24.73,66.97,99,78,1.39,broken clouds
675,Boa Vista,BR,2.8197,-60.6733,78.78,83,75,1.14,broken clouds
676,Borger,NL,52.9233,6.7931,48.04,93,23,5.08,few clouds
677,Montepuez,MZ,-13.1256,38.9997,57.2,96,0,2.95,clear sky
678,Shingu,JP,33.7333,135.9833,72.59,58,100,6.78,overcast clouds
679,Verkhnevilyuysk,RU,63.4453,120.3167,67.68,34,6,6.73,clear sky
680,Zapolyarnyy,RU,69.4154,30.8136,36.68,73,91,18.77,overcast clouds
681,Niquero,CU,20.0431,-77.5828,77.34,82,19,15.03,few clouds
682,Chuy,UY,-33.6971,-53.4616,55.04,90,0,7.96,clear sky
683,Odweyne,SO,9.4092,45.064,70.84,66,100,14.16,overcast clouds
684,Belyy Yar,RU,53.6039,91.3903,60.69,59,40,11.72,light rain
685,Aras,ES,42.5617,-2.356,59.41,77,0,0.94,clear sky
686,Yozgat,TR,39.5833,35.3333,55.44,75,83,3.44,broken clouds
687,Parainen,FI,60.3067,22.301,47.41,92,66,3.51,broken clouds
688,Tiarei,PF,-17.5333,-149.3333,82.42,66,15,3.11,few clouds
689,Narasannapeta,IN,18.4167,84.05,91.38,60,1,3.8,clear sky
690,Omboue,GA,-1.5746,9.2618,74.73,93,100,4.88,overcast clouds
691,Solwezi,ZM,-12.1688,26.3894,44.98,69,0,3.24,clear sky
692,Nizwa,OM,22.9333,57.5333,88.43,11,7,5.06,clear sky
693,Zeya,RU,53.75,127.2667,57.58,52,100,5.86,overcast clouds
694,Lata,PT,40.1629,-8.3327,58.71,86,76,2.24,broken clouds
695,Komsomolskiy,UZ,40.4272,71.7189,78.22,33,0,0.0,clear sky
